-- phpMyAdmin SQL Dump
-- version 4.9.7
-- https://www.phpmyadmin.net/
--
-- Host: localhost:3306
-- Generation Time: Jan 02, 2023 at 12:40 AM
-- Server version: 5.7.40-cll-lve
-- PHP Version: 7.4.30

SET SQL_MODE = "NO_AUTO_VALUE_ON_ZERO";
SET AUTOCOMMIT = 0;
START TRANSACTION;
SET time_zone = "+00:00";


/*!40101 SET @OLD_CHARACTER_SET_CLIENT=@@CHARACTER_SET_CLIENT */;
/*!40101 SET @OLD_CHARACTER_SET_RESULTS=@@CHARACTER_SET_RESULTS */;
/*!40101 SET @OLD_COLLATION_CONNECTION=@@COLLATION_CONNECTION */;
/*!40101 SET NAMES utf8mb4 */;

--
-- Database: `sharesport`
--

-- --------------------------------------------------------

--
-- Table structure for table `article`
--

CREATE TABLE `article` (
  `id` bigint(20) UNSIGNED NOT NULL,
  `date` timestamp NOT NULL DEFAULT CURRENT_TIMESTAMP,
  `title` varchar(191) COLLATE utf8mb4_unicode_ci DEFAULT NULL,
  `detail` text COLLATE utf8mb4_unicode_ci,
  `photo` varchar(191) COLLATE utf8mb4_unicode_ci DEFAULT NULL,
  `photo1` text COLLATE utf8mb4_unicode_ci,
  `created_at` timestamp NULL DEFAULT NULL,
  `updated_at` timestamp NULL DEFAULT NULL
) ENGINE=MyISAM DEFAULT CHARSET=utf8mb4 COLLATE=utf8mb4_unicode_ci;

--
-- Dumping data for table `article`
--

INSERT INTO `article` (`id`, `date`, `title`, `detail`, `photo`, `photo1`, `created_at`, `updated_at`) VALUES
(1, '2022-12-14 19:12:14', 'កីឡាករ​ទាំង​១០រូប​ រក​គ្រាប់​បាល់​ឲ្យ​ក្រុម​ជម្រើសជាតិ​បាន​ច្រើន​បំផុត​', '១. Cristiano Ronaldo៖ ខ្សែប្រយុទ្ធ​​ក្រុម​ជម្រើសជាតិ​ព័រទុយហ្គាល់​ ចូល​លេង​សរុប​ ១៩៦ប្រកួត​ ស៊ុត​ចូល​ ១១៨គ្រាប់​។\r\n\r\n២. Ali Daei៖ អតីត​ខ្សែប្រយុទ្ធ​​ក្រុម​ជម្រើសជាតិ​អ៊ីរង់​​ ចូល​លេង​សរុប​ ១៤៨ប្រកួត​ ស៊ុត​ចូល​ ១០៩គ្រាប់​។\r\n\r\n៣. Lionel Messi៖ ខ្សែប្រយុទ្ធ​ក្រុម​ជម្រើសជាតិ​អាហ្សង់ទីន​ ចូល​លេង​សរុប​ ១៧១ប្រកួត​ ស៊ុត​ចូល​ ៩៦គ្រាប់​។\r\n\r\n៤. Mokhtar Dahari៖ អតីត​ខ្សែប្រយុទ្ធ​ក្រុម​ជម្រើសជាតិ​ម៉ាឡេស៊ី​ ចូល​លេង​សរុប​ ១៤២ប្រកួត​ ស៊ុត​ចូល​ ៨៩គ្រាប់​។\r\n\r\n៥. Ferenc Puskas៖ អតីត​ខ្សែប្រយុទ្ធ​ក្រុម​ជម្រើសជាតិ​ហុងគ្រី​​ ចូល​លេង​សរុប​ ៨៥ប្រកួត​ ស៊ុត​ចូល​ ៨៤គ្រាប់​។\r\n\r\n៦. Sunil Chhetri៖ ខ្សែប្រយុទ្ធ​​ក្រុម​ជម្រើសជាតិ​ឥណ្ឌា​​ ចូល​លេង​សរុប​ ១៣១ប្រកួត​ ស៊ុត​ចូល​ ៨៤គ្រាប់​។\r\n\r\n៧. Ali Mabkhout៖ ខ្សែប្រយុទ្ធ​​ក្រុម​ជម្រើសជាតិ​សហព័ន្ធអារ៉ាប់រួម​ ចូល​លេង​សរុប​ ១០៩ប្រកួត​ ស៊ុត​ចូល​ ៨០គ្រាប់​។\r\n\r\n៨. Godfrey Chitalu៖ អតីត​ខ្សែប្រយុទ្ធ​ក្រុម​ជម្រើសជាតិ​សំប៊ី​​ ចូល​លេង​សរុប​ ១១១ប្រកួត​ ស៊ុត​ចូល​ ៧៩គ្រាប់​។\r\n\r\n៩. Hussein Saeed៖ អតីត​ខ្សែប្រយុទ្ធ​​ក្រុម​ជម្រើសជាតិ​អ៊ីរាក់​​ ចូល​លេង​សរុប​ ១៣៧ប្រកួត​ ស៊ុត​ចូល​ ៧៨គ្រាប់​។\r\n\r\n១០. Robert Lewandowski៖ ខ្សែប្រយុទ្ធ​​ក្រុម​ជម្រើសជាតិ​ប៉ូឡូញ​ ចូល​លេង​សរុប​ ១៣៨ប្រកួត​ ស៊ុត​ចូល​ ៧៨គ្រាប់​៕', '1671089682-6397df4ebcc60_1670897460_medium.jpg', NULL, '2022-12-15 00:34:42', '2022-12-15 00:42:21'),
(3, '2022-12-14 19:12:25', '២គ្រាប់ នៅ៦នាទីចុងម៉ោង ជួយហូឡង់ ឈ្នះសេណេហ្គាល់ ក្នុងប្រកួតដ៏តានតឹងសម្រាប់ពូល A', 'ក្រុមជម្រើសជាតិសេណាហ្គាល់ដែលជាជើងឯកទ្វីបអាហ្វ្រិកត្រូវបានគេមើលឃើញថា ហាក់មានប្រយុទ្ធមិនមុតស្រួចសោះបន្ទាប់ពីគ្មាន Sadio Mane ដែលរងរបួសត្រូវដកចេញពី World Cup។ មែនទែនទៅក្រុមដែលមានឈ្មោះថា តោតេរ៉ាំងហ្គា (Lions of Teranga) មានឱកាសស៊ុតចំគោលដៅមួយចំនួនដែរតែមិនបានសម្រេច។\r\n\r\nសម្រាប់ក្រុមពណ៌ទឹកក្រូចហូឡង់វិញ ក៏មិនងាយស្រួលប៉ុន្មានដែរក្នុងការទម្លុះអ្នកចាំទី Édouard Mendy របស់ Chelsea ដោយត្រូវរង់ចាំរហូតជិតចប់ការប្រកួតទើបខ្សែប្រយុទ្ធ Cody Gakpo មកពីក្លឹប PSV Eindhoven បំបែកពងមាន់ បាន១គ្រាប់ ហើយនៅម៉ោងបន្ថែម ៩០+៩ Davy Klaassen ស៊ុតចូល១គ្រាប់ទៀត ពីបាល់ស៊ុតសល់របស់ Memphis Depay។', '1671090182-g6eSnWPbA6VyDVHFMweh.jpeg', NULL, '2022-12-15 00:43:02', '2022-12-15 00:43:02'),
(4, '2022-12-14 19:12:43', 'គិត​ថា​ប្រទេស​ណា​លេង​វគ្គ​ពាក់កណ្ដាល​ផ្ដាច់​ព្រ័ត្រ​ World Cup ច្រើន​ជាង​គេ?', 'ចាប់​តាំង​ពី​ World Cup ចាប់​ផ្ដើម​នៅ​ឆ្នាំ១៩៣០មក ក្រុម​ជម្រើស​ជាតិ​ដែល​លេង​នៅ​វគ្គ​ពាក់កណ្ដាល​ផ្ដាច់ព្រ័ត្រ​ច្រើន​ជាង​គេ​គឺ ក្រុម​ជម្រើស​ជាតិ​អាល្លឺម៉ង់ ដែល​លេង​បាន ១៣ដង។\r\n\r\nបន្ត​ពី​អាល្លឺម៉ង់​គឺ ប្រេស៊ីល ដែល​លេង​បាន ១១ដង។ អ៊ីតាលី​ជាប់​លេខ ៣ ដែល​លេង​បាន ៨ដង ចំណែក​បារាំង​លេខ ៤ ដែល​ធ្លាប់​ចូល ៧ដង។\r\n\r\nខាង​ក្រោម​នេះ​ជា​បញ្ជី​ក្រុម​ជម្រើស​ជាតិ​ដែល​លេង​វគ្គ​ពាក់កណ្ដាល​ផ្ដាច់ព្រ័ត្រ​ World Cup ច្រើន​ជាង​គេ៖\r\n\r\nអាល្លឺម៉ង់៖ ១៣ដង\r\n\r\nប្រេស៊ីល៖ ១១ដង\r\n\r\n-អ៊ីតាលី៖ ៨ដង\r\n\r\nបារាំង៖ ៧ដង\r\n\r\nអាហ្សង់ទីន៖ ៦ដង\r\n\r\nអ៊ុយរុយហ្គាយ ក្រូអាត ហុល្លង់៖ ៥ដង\r\n\r\nស៊ុយអែត៖ ៤ដង\r\n\r\nអង់គ្លេស៖ ៣ដង៕', '1671090244-63986a1dab68a_1670932980_medium.jpg', NULL, '2022-12-15 00:43:40', '2022-12-15 00:44:04'),
(5, '2022-12-14 19:12:12', 'មាន​ដឹង​ទេ​! ស្តាត​មួយ​នៅ​កាតា​នឹង​រុះ​ចេញ​វិញ​ក្រោយ​ចប់ World Cup', 'ស្តាត​នេះ​មាន​ឈ្មោះ​ថា ស្តាត ៩៧៤ ដែល​ធ្វើ​ពី​ធុង​កុងតឺន័រ​ចំនួន ៩៧៤ធុង ហើយ​ផ្ទុក​បាន​មនុស្ស ៤ម៉ឺន​នាក់ និង​ជា​ទីតាំង​នៃ​ប្រកួត World Cup ចំនួន ៧។ ស្តាត​នេះ​ចំណាយ​ពេល​មួយ​ឆ្នាំ​ក្នុង​ការ​ដំឡើង ហើយ​គេ​ព្យាយាម​កាត់​បន្ថយ​ការ​ប្រើប្រាស់​ម៉ាស៊ីន​ត្រជាក់។\r\n\r\nបើ​តាម​ប្រភព​ពី​ Al Jazeera នៅ​ពេល​ដែល​ព្រឹត្តិការណ៍​ World Cup បញ្ចប់​ ទីតាំង​ស្តាត​នោះ​នឹង​រុះ​ចេញ​ ហើយ​ធ្វើ​ជា​ភោជនីយដ្ឋាន ជាមួយ​នឹង​សួន​បាញ់​ទឹក​ជា​ដើម។ បន្ទាប់​ពី​រុះ​ចេញ​ហើយ ធុង​កុងតឺន័រ​ទាំង​នោះ​នឹង​ត្រូវ​យក​ប្រើប្រាស់​ក្រោម​រូបភាព​ផ្សេងៗ​ទៀត ដែល​រួម​មាន​ដូច​ជា​ការ​ដំឡើង​ស្តាត​ឡើង​វិញ​ក៏​បាន​ដែរ។\r\n\r\nកន្លង​មក​គេ​សង្កេត​ឃើញ​ថា ប្រទេស​នានា​ចំណាយ​លុយ​ធ្វើ​ស្តាត​ទាំង​លានៗ​ដុល្លារ​ តែ​ចុង​ក្រោយ​ក៏​បោះបង់​ចោល​វិញ៕', '1671090288-6397e63b032ff_1670899200_medium.jpeg', NULL, '2022-12-15 00:44:48', '2022-12-15 00:44:48'),
(6, '2022-12-14 19:12:17', 'ក្រោយ​ចែក​ផ្លូវ​ជាមួយ​អេស្ប៉ាញ គ្រូ Luis Enrique ប្រកាស​អំពី​អនាគត​បន្ទាប់', 'លោក Enrique បាន​ប្រាប់​អ្នក​សារព័ត៌មាន​ថា លោក​ចង់​ត្រលប់​ទៅ​ដឹក​នាំ​ក្លឹប​វិញ ក្រោយ​បាន​ទទួល​បាន​បទ​ពិសោធន៍​ដឹក​នាំ​ក្រុម​ជម្រើស​ជាតិ​អេស្ប៉ាញ។\r\n\r\nកាល​ពី​ឆ្នាំ​មុន មាន​ពាក្យ​ចចាមអារ៉ាម​ជា​ច្រើន​ថា ក្លឹប​ធំៗ​មួយ​ចំនួន​បាន​ទាក់ទង​មក​លោក Enrique ក្នុង​ន័យ​ចែចូវ​លោក​ឲ្យ​មក​ដឹក​បាល់​ក្លឹប តែ​លោក​បដិសេធ​ដោយ​លោក​ចង់​ផ្ដោត​អារម្មណ៍​ក្នុង​ការ​ដឹក​ក្រុម​អេស្ប៉ាញ​ក្នុង​ World Cup ២០២២។\r\n\r\nអេស្ប៉ាញ​បាន​ចាញ់​ម៉ារុក​ក្នុង​វគ្គ ១៦ ក្រុម​ចុង​ក្រោយ​នៃ​ព្រឹត្តិការណ៍ World Cup ២០២២។ ក្រោយ​ពី​ទទួល​លទ្ធផល​បែប​នេះ លោក​ Enrique បាន​លា​ចេញ​ពី​តំណែង​ជា​គ្រូ​បង្វឹក​អេស្ប៉ាញ​។\r\n\r\nមុន​មក​ដឹក​ក្រុម​ជម្រើស​ជាតិ​អេស្ប៉ាញ ពី​ឆ្នាំ ២០១៨-២០១៩ និង​ម្ដង​ទៀត​ពី​ឆ្នាំ ២០១៩-២០២២ លោក Luis Enrique ធ្លាប់​មាន​ប្រវត្តិ​ដឹក​បាល់ទាត់​ក្លឹប​ចាស់​វស្សា​ផង​ដែរ។ លោក​បាន​ដឹក​ក្រុម Barcelona B ពី​ឆ្នាំ ២០០៨-២០១១ ហើយ​ឡើង​មក​ដឹក Roma ពី​ឆ្នាំ ២០១១-២០១២។ ក្រោយ​មក​លោក​មក​ដឹក​ក្លឹប Celta Vigo បាន​មួយ​ឆ្នាំ មុន​មក​ដឹក​ក្លឹប​អ្នក​មាន​បុណ្យ​ Barcelona ពី​ឆ្នាំ​ ២០១៤-២០១៧។ គឺ​ដឹក​នៅ​ក្លឹប Barcelona នេះ​ហើយ​ដែល​លោក​បាន​ឈ្នះ​ពាន​ជា​ច្រើន​ដូច​ជា​ពាន FIFA Club World Cup ពានChampions League និង​ពាន​លីគ​អេស្ប៉ាញ​ជា​ដើម៕', '1671090340-6391e043df34a_1670504460_medium.jpg', NULL, '2022-12-15 00:45:40', '2022-12-15 00:45:40'),
(7, '2022-12-14 19:12:50', 'Modric ថា​ក្រូ​អាត​មាន​ស្មារតី​លេង​ដូច​ Real Madrid', 'កីឡាករ​វ័យ ៣៧​ឆ្នាំ​ Modric បាន​ប្រាប់​អ្នក​សារព័ត៌​មាន​ថា ក្រុម​ក្រូ​អាត​មាន​ស្មារតី​លេង​ដូច​ក្រុម​ Real Madrid ពោល​គឺ​ប្រឹង​លេង​រហូត​ដល់​ទី​បញ្ចប់ ហើយ​មិន​ព្រម​ចុះ​ចាញ់​ងាយៗ។\r\n\r\nក្រូ​អាត​ត្រូវ​ប៉ះ​ជាមួយ​អាហ្សង់ទីន​ក្នុង​វគ្គ​កណ្ដាល​ផ្ដាច់ព្រ័ត្រ​ក្នុង​កម្មវិធី World Cup ២០២២។\r\n\r\nក្រុម​ក្រូអាត​បាន​បង្ហាញ​ទម្រង់​លេង​យ៉ាង​ល្អ ក្នុង​ World Cup ឆ្នាំ​នេះ។ ក្រូ​អាត​បាន​ទម្លាក់​ជប៉ុន​នៅ​វគ្គ​ ១៦ ក្រុម​ចុង​ក្រោយ និង​ទម្លាក់​ក្រុម​ខ្លាំង​ប្រេស៊ីល​នៅ​វគ្គ​ជម្រុះ​បន្ទាប់។ ក្រូអាត​បាន​យក​​ឈ្នះ​ដោយ​បង្ហាញ​ប្រៀប​ក្នុង​វគ្គ​ទាត់​បាល់ ១១ ម៉ែត្រ ទាំង ២ ប្រកួត​នោះ។\r\n\r\nសូម​បញ្ជាក់​ថា កាល​ពី​ World Cup ២០១៨ ក្រូ​អាត​ ក៏​បាន​ទទួល​បាន​ជោគជ័យ​ប្រកប​ដោយ​ផ្លែផ្កា​ជា​ច្រើន ដោយ​ក្រុម​ជម្រើស​ជាតិ​បាន​ឈាន​រហូត​ទៅ​ដល់​វគ្គ​ផ្ដាច់​ព្រ័ត្រ។ ក្រូ​អាត​បាន​ចាញ់​បារាំង​ក្នុង​លទ្ធផល ៤-២ កាល​ពី​ពេល​នោះ៕', '1671090368-63971056e1c91_1670844480_medium.jpg', NULL, '2022-12-15 00:46:08', '2022-12-15 00:46:08'),
(8, '2022-12-14 19:12:44', 'កីឡាករ​ ១០ រូប​ដែល​មាន​វ័យ​ចាស់​ជាង​គេ​ក្នុង World Cup ២០២២', 'ព្រឹតិ្តការណ៍ World Cup ឆ្នាំ ២០២២ នៅ​កាតា សម្បូរ​ទៅ​ដោយ​ទិដ្ឋភាព​គួរឲ្យចាប់អារម្មណ៍ជា​ច្រើន​ដែល​ខ្លះ​មិន​អាច​បំ​ភ្លេច​បាន។ ឧទាហរណ៍ ម៉ារុក​បាន​ទម្លាក់​ក្រុម​ធំៗ​ដូច​ជា​ព័រទុយហ្គាល់ និង​អេស្ប៉ាញ ក្រូអាត​បាន​ធ្វើ​ឲ្យ​ប្រេស៊ីល​ហាល​អាវ​ជា​ដើម។ ដូច្នេះ ថ្ងៃ​នេះ Sabay សូម​ដក​ស្រង់​នូវ​ជ្រុង​គួរ​ឲ្យ​ចាប់​អារម្មណ៍​មួយ​ពី​ព្រឹត្តិការណ៍​កីឡា​បាល់ទាត់​ដ៏​ធំ​មួយ​នេះ ដោយ​រំលេច​អំពី​ចំនួន​កីឡាករ​ចំនួន ១០ រូប​ដែល​មាន​វ័យ​ចាស់​ជាង​គេ​ក្នុង World Cup ឆ្នាំ​នេះ។\r\n\r\nសូម​បញ្ជាក់​ថា​ បញ្ជី​ខាង​ក្រោម​ គឺ​គណនា​ទៅ​តាម​អាយុ​របស់​កីឡាករ​ដែល​បាន​ចូល​លេង​ប្រកួត World Cup ២០២២ ចុង​ក្រោយ​បង្អស់​គិត​មក​ទល់​ពេល​នេះ។\r\n\r\nខាង​ក្រោម​ជា​កីឡាករ ១០ រូប​ដែល​មាន​វ័យ​ចាស់​ជាង​គេ​ ហើយបានចូលលេងក្នុង World Cup លើក​នេះ៖\r\n\r\n១០- Diego Godin (ខ្សែ​ការពារ​អ៊ុយរ៉ាហ្គាយ)៖ វ័យ ៣៦ ឆ្នាំ ៩ ខែ ១២ ថៃ្ង។\r\n\r\n៩- Luka Modric (ខែ្ស​បម្រី​ក្រូអាត)៖ វ័យ ៣៧ ឆ្នាំ ៣ ខែ។', '1671090413-63972325ad1d3_1670849280_medium.jpg', NULL, '2022-12-15 00:46:26', '2022-12-15 00:46:53'),
(9, '2022-12-14 19:12:19', 'Upamecano និង Rabiot អាច​នឹង​អវត្តមាន​​ពេល​បារាំង​ប៉ះ​ម៉ារ៉ុក', 'ក្រុម​ជម្រើស​ជាតិ​បារាំង​​ត្រូវ​ប្រកួត​ជាមួយ​ក្រុម​ជម្រើស​ជាតិ​ម៉ារ៉ុក​នៅ​រាត្រី​នេះ​ម៉ោង​២:០០​នាទី​​ក្នុង​វគ្គ​​ពាក់​កណ្ដាល​ផ្ដាច់ព្រ័ត្រ​នៃ​ព្រឹត្តិការណ៍ World Cup ២០២២ ដើម្បី​ស្វែង​រក​មួយ​ក្រុម​ទៅ​ជួប​អាហ្សង់ទីន​ដែល​កំពុង​អង្គុយ​រងចាំ។\r\n\r\nតាម​ព័ត៌មាន​ឲ្យ​ដឹង​ថា ខ្សែ​ការពារ​​កណ្ដាល Dayot Upamecano និង​ខ្សែ​បម្រើ Adrien Rabiot អាច​នឹង​​មិន​អាច​ជួយ​បារាំង​បាន ដោយ​សារ​តែ​ពួក​គេ​កំពុង​ឆ្លង​ជំងឺ​ដែល​កំពុង​រាលដាល​ក្នុង​ជំរុំ​ហ្វឹកហាត់។ ខ្សែ​ប្រយុទ្ធ Walid Cheddira របស់​ម៉ារ៉ុក​ក៏​មិន​អាច​បង្ហាញ​វត្តមាន​យប់​នេះ​ដែរ បន្ទាប់​ពី​ទទួល​បាន​កាត​ក្រហម​​កាល​ពី​ប្រកួត​ជាមួយ​ព័រទុយហ្គាល់។', '1671090461-63997d633fdcd_1671003480_medium.jpg', NULL, '2022-12-15 00:47:41', '2022-12-15 00:47:41'),
(10, '2022-12-14 19:12:43', 'Felix មិន​ឆ្លើយ​សំណួរ​ពាក់ព័ន្ធ​នឹង​អនាគត​នៅ​ក្លឹប Atletico', 'ពេល​ត្រូវ​បាន​សួរ Felix បាន​ប្រាប់​អ្នក​សារព័ត៌មាន​ថា​ ខ្ខ្លួន​មិន​និយាយ​អ្វី​ទាំង​អស់​ពាក់ព័ន្ធ​នឹង​អនាគតខ្លួន និង​ក្លឹប Atletico Madrid នា​ពេល​បច្ចុប្បន្ន​នេះ។ កីឡាករ​រូប​នេះ​បញ្ជាក់​ទៀត​ថា ទាល់​តែ​ World Cup ទើប​និយាយ​រឿង​ទាំង​អស់​នេះ។\r\n\r\nមួយ​រយៈ​កាល​ចុង​ក្រោយ​នេះ មុន​ព្រឹត្តិការណ៍​ World Cup កីឡាករ Joao Felix ត្រូវ​បាន​សង្កេត​ឃើញ​ថា កំពុង​មាន​បញ្ហា​ជាមួយ​គ្រូ​បង្វឹក​ក្លឹប Atletico លោក Diego Simone។ លោក​ Simone មិន​ចាត់​ទុក Felix ជា​កីឡាករ​បង្គោល​ទៀត​ឡើយ ដោយ​លោក​ទម្លាក់​តំណែង​របស់​កីឡាករ​ព័រទុយហ្គាល់​ត្រឹម​ជា​ខ្សែ​ប្រយុទ្ធ​បម្រុង។ មិនតែប៉ុណ្ណោះ អ្នកទាំងពីរធ្លាប់បង្ហាញសញ្ញាមិនសប្បាយចិត្តនឹងគ្នាកាល​ពីពេលកន្លងមក។ ឧទាហរណ៍​ក្នុង​ប្រកួត​ Champions League មួយ​កាល​ពី​ខែ​តុលា​កន្លង​ទៅ Felix ជា​កីឡាករ​បម្រុង។ លោក Simone បាន​ឲ្យ Felix រត់​កំដៅ​សាច់ដុំ​ដល់​ទៅ ៣​ ដង តែ​ចុង​បញ្ចប់​សម្រេច​មិន​ដាក់ Felix ឲ្យ​ចូល​លេង​ការ​ប្រកួត។\r\n\r\nកាល​ពី​ឆ្នាំ ២០១៩ Atletico បាន​ផ្ទេរ​ Felix ពី​ក្លឹប Benfica ក្នុង​តម្លៃ​ប្រមាណ ១៤០ លាន​ដុល្លារ​សហរដ្ឋអាមេរិក ដែល​ជា​តម្លៃ​ផ្ទេរ​ខ្ពស់​ជាង​គេ​ក្នុង​ប្រវត្តិសាស្ត្រ​ក្លឹប​អេស្ប៉ាញ​មួយ​នេះ។ តម្លៃ​នេះ​ផង​ដែរ ក៏​បាន​ធ្វើ​ឲ្យ Felix ជា​កីឡាករ​ដែល​មាន​តម្លៃ​ផ្ទេរ​ថ្លៃ​ជាង​គេ​ ទី ៤ ក្នុង​ពិភព​បាល់​ទាត់។\r\n\r\nគិត​មក​ទល់​ពេល​នេះ Felix លេង​សរុប​ឲ្យ Atletico ជាង​ ១៣០ ប្រកួត និង​ស៊ុត​ចូល ៣៣ គ្រាប់។ ក្នុង​រដូវ​កាល ២០២២/២០២៣ Felix លេង​ឲ្យ Atletico សរុប​បាន​តែ​ ១៨ ប្រកួត​ប៉ុណ្ណោះ ហើយ​ច្រើន​ជា​កីឡាករ​បម្រុង។\r\n\r\nមិន​មាន​សារព័ត៌មាន​ណា​មួយ​អាច​អះ​អាង​បាន​ទេ​ថា អ្នក​ទាំង​ពីរ​មាន​បញ្ហា​ជាមួយ​គ្នា​រឿង​អ្វី​នោះ​ឡើយ។ សូម្បី​តែ​សាម៉ី​ក្លឹប Atetico Madrid ក៏​មិន​បាន​បង្ហើប​ដែរ​អំពី​បញ្ហា​នេះ​ដែរ ដោយ​គ្រាន់​តែ​បញ្ជាក់​ថា Simone និង Felix មិន​ត្រូវ​គ្នា ហើយ​ក្លឹប​មាន​តែ​សម្រេច​បង្ខំ​ចិត្ត​ផ្ទេរ​ចេញ​ខ្សែ​ស្លាប​ព័រទុយហ្គាល់ បើ​មាន​សំណើ​សុំ​ផ្ទេរ​សមរម្យ​មក​ដល់។ ក្លឹប​ Manchester United ត្រូវ​បានរាយការណ៍ថា ចាប់អារម្មណ៍ចង់​បាន Felix នា​ខែមករាខាងមុខ។\r\n\r\nទោះ​មាន​បញ្ហា​ជាមួយ​បាល់​ទាត់​កម្រិត​ក្លឹប​ក្ដី Felix បាន​បង្ហាញ​ទម្រង់​លេង​យ៉ាង​ល្អ​ក្នុង​ការ​ជួយ​ក្រុម​ជម្រើស​ជាតិ​ព័រទុយហ្គាល់​នៅ​ក្នុង​ព្រឹត្តិការណ៍​ World Cup។ កីឡាករ​រូប​នេះ​លេង​ ៣ ប្រកួត World Cup ហើយ​ស៊ុត​ចូល ១ គ្រាប់ និង​បញ្ជូន​បាល់​ស៊ុត​បាន​សម្រេច​ចំនួន ២​លើក៕', '1671090496-63932f11b17d2_1670590200_medium.jpg', NULL, '2022-12-15 00:48:16', '2022-12-15 00:48:16'),
(11, '2022-12-14 19:12:40', 'ភ្នាក់ងារ Giroud និងក្លឹប AC Milan ណាត់​ជួប​គ្នា', 'យោង​តាម​ប្រភព​ដដែល កុង​ត្រា​ថ្មី​នឹង​ត្រូវ​បាន​ព្រមព្រៀង​ដោយ​ភាគី​ទាំង​សង​ខាង​នា​ពេល​ឆាប់​ៗ​ខាង​មុខ។ កុង​ត្រា​បច្ចុប្បន្ន​របស់​ Giroud នៅ AC Milan នឹង​បញ្ចប់​នៅ​ដាច់​រដូវកាល ២០២២/២០២៣ នេះ។ ក្លឹប​យក្ស​អ៊ីតាលី ចង់​ផ្ដល់​កុង​ត្រា​ថ្មី​ជូន​ដល់​ Giroud ដើម្បី​ឲ្យ​កីឡាករ​រូប​នេះ​បន្ត​នៅ​មួយ​រដូវ​កាល​ទៀត​ជាមួយ​ក្លឹប​រហូត​ដល់​ពាក់កណ្ដាល​ឆ្នាំ​ ២០២៤។\r\n\r\nខែ្ស​ប្រយុទ្ធ​វ័យ ៣៦ ឆ្នាំ​ Giroud បាន​មក​ចូល​រួម​ជាមួយ​ក្លឹប AC Milan កាល​ពី​ឆ្នាំ ២០២១។ រហូត​មក​ទល់​ពេល​នេះ​ កីឡាករ​រូប​នេះ​បាន​ស៊ុត​ចូល ១៦ គ្រាប់ ក្នុង​ការ​ប្រកួត​សរុប ៤២ ប្រកួត។\r\n\r\nGiroud បាន​បង្ហាញ​ទម្រង់​លេង​បាន​យ៉ាង​ល្អ​ក្នុង​ព្រឹត្តិការណ៍​ World Cup នេះ។ កីឡាករ​រូប​នេះ បាន​ស៊ុត​ចូល ៤ គ្រាប់​ក្នុង​ ៤ ប្រកួត ហើយ​គ្រាប់​ទាំង​នោះ​សុទ្ធ​តែ​ជា​គ្រាប់​សំខាន់ៗ​ក្នុង​ការ​ជួយ​បារាំង​ឲ្យ​ឡើង​ដល់​វគ្គ​ពាក់​កណ្ដាល​ផ្ដាច់​ព្រ័ត្រ។\r\n\r\nបារាំង នឹង​ត្រូវ​ប៉ះ​ម៉ារុក ក្នុង​វគ្គ​ពាក់​កណ្ដាល​ផ្ដាច់ព្រ័ត្រ World Cup ២០២២៕', '1671090537-6398792fe6c65_1670936820_medium.jpg', NULL, '2022-12-15 00:48:57', '2022-12-15 00:48:57'),
(12, '2022-12-14 19:12:03', 'ភ្នាក់ងារ​ Asensio នឹង​ទៅ​ចរចា​រឿង​កុងត្រា​ថ្មី​ជា​មួយ​ Real ឆាប់ៗ​', 'ខ្សែ​ប្រយុទ្ធ​រូប​នេះ​នឹង​ចប់​កុងត្រា​ជា​មួយ​ Real នៅ​ថ្ងៃ​ទី​៣០ ខែ​មិថុនា ឆ្នាំ​២០២៣ខាង​មុខ​ ដោយ​ក្នុង​រដូវកាល​នេះ​កីឡាករ​នេះ​ចូល​លេង​បាន​៣៨ប្រកួត​ និង​ស៊ុត​ចូល​ ១១គ្រាប់​។\r\n\r\nបើ​តាម​ប្រភព​ខាង​លើ​ Asensio ចង់​នៅ​បន្ត​ជា​មួយ​ Real ប៉ុន្តែ​អាច​នឹង​ប្រែប្រួល​តាម​ថ្លៃ​ពលកម្ម​ ក៏​ដូច​ជា​ប្រាក់​លើក​ទឹក​ចិត្ត​នានា​ ដែល​ក្លឹប​ផ្ដល់​ឲ្យ​សម្រាប់​កុងត្រា​ថ្មី​នេះ​។\r\n\r\nនៅ​ខណៈ​នេះ​ កីឡាករ​នេះ​ក៏​ត្រូវ​បាន​ក្លឹប​ជា​ច្រើន​ទាក់ទង​ចង់​បាន​ផង​ដែរ​ដូច​ជា​ AC Milan, Juventus. Arsenal និង​ Spurs ជា​ដើម​៕', '1671090575-62693e39424fb_1651064340_medium.jpeg', NULL, '2022-12-15 00:49:35', '2022-12-15 00:49:35'),
(13, '2022-12-15 22:12:37', 'ក្ដៅ​ៗ🔥Cristiano Ronaldo កំពុង​ហ្វឹកហាត់​នៅតារាង​ Valdebebas របស់ Real Madrid ដើម្បី​រក្សា​រាងកាយ​អំឡុងពេលគាត់គិត​ពី​អនាគត​របស់​គាត់។😍', 'ក្ដៅ​ៗ🔥Cristiano Ronaldo កំពុង​ហ្វឹកហាត់​នៅតារាង​ Valdebebas របស់ Real Madrid ដើម្បី​រក្សា​រាងកាយ​អំឡុងពេលគាត់គិត​ពី​អនាគត​របស់​គាត់។😍', '1671185134-318734426_554772839832528_2275906584521280155_n.jpg', NULL, '2022-12-16 03:05:34', '2022-12-16 03:05:34'),
(14, '2022-12-18 18:12:46', 'អ្នក​ចាំទី​អាហ្សង់ទីន៖ Mbapp ​មិន​ស្គាល់​បាល់ទាត់​ច្បាស់​គ្រប់គ្រាន់​ទេ​', '​អ្នក​ចាំទី Emi Martinez ​របស់​ក្រុម​ជម្រើស​ជាតិ​អាហ្សង់ទីន ​បាន​ហៅ​ខ្សែ​ប្រយុទ្ធ Kylian Mbappe ​ថា​មិន​ទាន់​ស្គាល់​បាល់ទាត់​ច្បាស់​នោះ​ទេ ​បន្ទាប់​ពី​កីឡាករ​បារាំង​រូប​នេះ​បោះ​សម្ដី​មើល​ស្រាល​ក្រុម​នៅ​អាមេរិក​ឡាទីន។ ​កាល​ពី​ដើម​ឆ្នាំ​កន្លង​ទៅ Mbappe ​បាន​និយាយ​ថា​ក្រុម​នៅ​អឺរ៉ុប​បាន​រៀប​ចំ​និង​ត្រៀម​ខ្លួន​ក្នុង​ការ​ប្រកួត World Cup ​បាន​ល្អ​ជាង​ក្រុម​នៅ​ឡាទីន ​ព្រោះ​ពួកគេ​មាន​ការ​ប្រកួត​កម្រិត​ខ្ពស់​បាន​ច្រើន​ជាង។ ខណៈ​ដែល​ក្រុម​នៅ​ឡាទីន​ដូចជា​អាហ្សង់ទីន ​និង​ប្រេស៊ីល ​មិន​សូវ​បាន​ជួប​ក្រុម​ខ្លាំង​ច្រើន​នោះ​ទេ ​មុន​ការ​ប្រកួត World Cup ​ឈាន​ចូល​មក​ដល់។ ចំពោះ​សម្ដី​ខាង​លើ​ត្រូវ​បាន​អ្នក​កាសែត​លើក​មក​ម្ដង​ទៀត ​មុន​ការ​ប្រកួត​រវាង​ក្រុម​បារាំង ​និង​អាហ្សង់ទីន​ក្នុង​​វគ្គ​ផ្ដាច់ព្រ័ត្រ World Cup ​នៅ​ឆ្នាំ​២០២២​នេះ។ ​ក្នុង​នោះ Martinez ​អ្នក​ចាំទី​របស់​អាហ្សង់ទីន ​បាន​ឆ្លើយ​តប​ថា​៖ “គាត់​មិន​ទាន់​ស្គាល់​បាល់ទាត់​ច្បាស់​នោះ​ទេ។ ​គាត់​មិន​ដែល​លេង​នៅ​អាមេរិក​ខាង​ត្បូង​ឡើយ។ នៅ​ពេល​អ្នក​មិន​ធ្លាប់​មាន​បទ​ពិសោធ​លេង​ទី​នោះ ​វា​ល្អ​ប្រសើរ ប្រសិន​បើ​អ្នក​មិន​និយាយ​ពី​វា។ ប៉ុន្តែ​មិន​ជា​បញ្ហា​នោះ​ទេ ​យើង​ជា​ក្រុម​ល្អ​ដូច​ដែល​គ្រប់​គ្នា​បាន​ឃើញ​ហើយ”៕', '1671431828-matines2022.jpg', NULL, '2022-12-18 23:37:08', '2022-12-18 23:37:08'),
(15, '2022-12-18 18:12:26', 'Didier Deschamps៖ មាន​​ជន​ជាតិ​បារាំង​ខ្លះ​មិន​ចង់​ឱ្យ​យើង​ឈ្នះ​ទេ គេ​ចង់​ឃើញ​Messi លើក​ពាន​', 'លោក Didier Deschamps ​គ្រូ​បង្វឹក​ក្រុម​ជម្រើស​ជាតិ​បារាំង ​បាន​អះអាង​ថា​នៅ​ពេល​នេះ​មាន​ពលរដ្ឋ​បារាំង​មួយ​ចំនួន​ហាក់​មិន​ចង់​ឃើញ​ជម្រើស​ជាតិ​ឈ្នះ​នោះ​ទេ ព្រោះ​ពួកគេ​ជា​អ្នក​គាំទ្រ Messi ​ចង់​ឃើញ Messi ​ឈ្នះ​ពាន World Cup ​។​ក្រុម​ជម្រើស​ជាតិ​បារាំង ​នឹង​ត្រូវ​ប្រកួត​ជាមួយ​ក្រុម​ជម្រើស​ជាតិ​អាហ្សង់ទីន​នៅ​ម៉ោង​១០​យប់​នេះ​ហើយ ​ដើម្បី​កាត់​សេចក្ដី​ក្រុម​ណា​ជា​ក្រុម​ឈ្នះ​ពាន​រង្វាន់ World Cup 2022 ​។ ​យ៉ាង​ណាមិញ ​បារាំង​នេះ​ទៀត​សោត​ដែល​ជា​ក្រុម​ការពារ​តំណែង​ជើង​ឯក​នោះ ​កំពុង​មាន​បញ្ហា​របួស​ច្រើន​ជាមួយ​កីឡាករ​សំខាន់​ៗ​ដែល​ទំនង​ជា​អាច​អវត្តមាន​នៅ​រាត្រី​នេះ។ ពួកគេ​ឆ្លង​ជំងឺ​ផ្ដាសាយ​មិន​បាន​ហាត់​ទេ​នៅ​ប៉ុន្មាន​ថ្ងៃ​ចុង​ក្រោយ​នេះ។ ​ ​បន្ថែម​ពី​លើ​បញ្ហា​កីឡាករ​របួស​នេះ​ហើយ ​លោក Didier Deschamps ​បាន​និយាយ​ចំណុច​មួយ​ទៀត​ថា​៖ “ខ្ញុំ​ដឹង​ថា​មាន​មនុស្ស​ជា​ច្រើន​កំពុង​ចង់​ឃើញ Messi ​ឈ្នះ​ពាន World Cup ​ហើយ​ក្នុង​នោះ​ក៏​មាន​នៅ​បារាំង​ផង​ដែរ។ ​ប៉ុន្តែ​សម្រាប់​យើង ​យើង​នឹង​ព្យាយាម​ដើម្បី​សម្រេច​គោលដៅ​របស់​យើង​ក្នុង​ការ​ឈ្នះ​ពាន​រង្វាន់​នេះ​ម្ដង​ទៀត”៕', '1671431882-zz88z9.jpg', NULL, '2022-12-18 23:38:02', '2022-12-18 23:38:02'),
(16, '2022-12-18 18:12:50', 'តើ Benzema នឹង​មាន​វត្តមាន​ជួយ​បារាំង​នៅ​ក្នុង​វគ្គ​ផ្ដាច់ព្រ័ត្រ​ World Cup ទេ?', '«តើ Benzema នឹង​មាន​វត្តមាន​ជួយ​បារាំង​នៅ​ក្នុង​វគ្គ​ផ្ដាច់ព្រ័ត្រ​ World Cup ទេ?» នេះ​ជា​សំណួរ​ដែល​អ្នក​កាសែត​មួយ​ចំនួន​បាន​សួរ​លោក Didier Deschamps គ្រូ​បង្វឹក​ក្រុម​ជម្រើស​ជាតិ​បារាំង​ ក្រោយ​ពេល​ដែល​ក្រុម​មាន់​គក​មួយ​នេះ​ឡើង​វគ្គ​ផ្ដាច់ព្រ័ត្រ​។ លោក Deschamps បាន​ឆ្លើយតប​ទៅ​វិញ​ថា៖ «ខ្ញុំ​ពិត​ជា​មិន​ចង់​ឆ្លើយ​នឹង​សំណួរ​នេះ​ទេ សុំ​សំណួរ​បន្ទាប់​ទៀត​»។ តាម​ពិត​ទៅ Benzema មាន​ឈ្មោះ​លេង​នៅ​ក្នុង​ក្រុម​ជម្រើស​ជាតិ​បារាំង។ យ៉ាងណាមិញ កីឡាករ​ Real Madrid រូប​នេះ​រង​របួស​មុន​ពេល​ព្រឹត្តិការណ៍​ World Cup បាន​ចាប់​ផ្ដើម។ ទោះ​ជា​បែប​នេះ​ក្ដី Benzema នៅ​តែ​ស្ថិត​ក្នុង​បញ្ជី​ឈ្មោះ​កីឡាករ​របស់​បារាំង​ក្នុង​ World Cup ដដែល។ ខណៈពេល​ថ្មីៗ​នេះ​ គេ​សង្កេត​ឃើញ​ថា កីឡាករ​រូប​នេះ​ចូល​ហាត់​ជាមួយ​ក្រុម​កីឡាករ​បារាំង​ឡើង​វិញ។ ការណ៍​នេះ​បណ្ដាល​ឱ្យ​មាន​មតិ​សង្ស័យ​មួយ​ចំនួន​យល់​ថា Benzema អាច​នឹង​ជួយ​បារាំង​នៅ​វគ្គ​ផ្ដាច់ព្រ័ត្រ​៕ ប្រភព៖ Goal', '1671431971-nbm365.jpg', NULL, '2022-12-18 23:39:31', '2022-12-18 23:39:31'),
(17, '2022-12-18 18:12:11', 'ហេតុអ្វី​បាន​ជា​ Ronaldo អាច​ទៅ​ហាត់​នៅ​ក្លឹប Real Madrid បាន?', 'មួយ​រយៈ​ចុង​ក្រោយ​នេះ មាន​ព័ត៌មាន​មួយ​ចំនួន​បាន​ចុះ​ផ្សាយ​ថា ខ្សែ​ប្រយុទ្ធ​ព័រទុយហ្គាល់​កីឡាករ Cristiano Ronaldo បាន​ទៅ​ហ្វឹកហាត់​នៅ​ក្លឹប Real Madrid បន្ទាប់​ពី​ក្រុម​ជម្រើស​ជាតិ​ព័រទុយហ្គាល់​ចាញ់​ម៉ារ៉ុក​នៅ​វគ្គ ៨ក្រុម​នៃ​ World Cup។ ទោះ​ជា​មិន​ទាន់​មាន​ការ​បកស្រាយ​ផ្លូវការ​ពី​សាមី​ខ្លួន​ខាង​ណា​មួយ ព័ត៌មាន​ជា​ច្រើន​បាន​ចុះ​ផ្សាយ​ថា កីឡាករ​រូប​នេះ​ទទួល​បាន​ការ​អនុញ្ញាត​ពី​សំណាក់​ប្រធាន​ក្លឹប Real Madrid លោក Florentino Perez។ សារព័ត៌មាន Daily Mail បាន​ឱ្យ​ដឹង​ថា Ronaldo បាន​សុំ​លោក Perez ដើម្បី​ហាត់​ប៉ុន្មាន​ថ្ងៃ​សិន ស្រប​ពេល​ដែល​ខ្លួន​នៅ​មិន​ទាន់​រក​ក្លឹប​ថ្មី​បាន។ Ronaldo នៅ​ពេល​នេះ​គឺ​ជា​កីឡាករ​គ្មាន​ក្លឹប ក្រោយ​ពេល​ដែល​ក្លឹប Manchester United បាន​បញ្ចប់​កុងត្រា​របស់​ខ្លួន។ យ៉ាងណាមិញ កីឡាករ​រូប​នេះ​ត្រូវ​បាន​ទាក់ទង​ដោយ​ក្លឹប​អារ៉ាប៊ីសាអ៊ូឌីត ដោយ​ក្លឹប​ប្រទេស​នេះ​ហ៊ាន​ឱ្យ​ប្រាក់​ឈ្នួល​រាប់រយ​លាន​ដុល្លារ​អាមេរិក​ឯណោះ៕ ប្រភព៖ Dailymail | Marca', '1671432033-kho0256.jpg', NULL, '2022-12-18 23:40:33', '2022-12-18 23:40:33'),
(18, '2022-12-18 18:12:41', 'Modric ៖ Orsato ​ជា​អាជ្ញាកណ្ដាល​អាក្រក់​បំផុត ​គាត់​ជា​គ្រោះ​មហន្តរាយ​', 'ខ្សែ​បម្រើ Luka Modric ​ពិត​ជា​មិន​ពេញ​ចិត្ត​ជាមួយ​ការ​កាត់​សេចក្ដី​របស់​លោក​អាជ្ញាកណ្ដាល Orsato ​ក្នុង​ជំនួប​ក្រូអាត ​ចាញ់​អាហ្សង់ទីន​ក្នុង​លទ្ធផល ​៣-០ ​វគ្គ​ពាក់​កណ្ដាល​ផ្ដាច់ព្រ័ត្រ World Cup ​កន្លង​ទៅ​នេះ​ទេ។  ​ខ្សែ​បម្រើ​ដែល​មាន​ភាព​ចាស់​ទុំ ​មិន​សូវ​មាត់​ក ​និង​និយាយ​ច្រើន​ខាង​លើ ​បាន​អះអាង​ក្រោយ​ការ​ប្រកួត​ទល់​ក្រុម​អាហ្សង់ទីន​ថា​៖ “ខ្ញុំ​មិន​ដែល​និយាយ​ពី​អាជ្ញាកណ្ដាល​នោះ​ទេ ប៉ុន្តែ​ថ្ងៃ​នេះ​វា​មិន​អាច​ទៅ​រួច​ទេ​ដែល​មិន​និយាយ​ពី​គាត់។ គាត់​ជា​អាជ្ញាកណ្ដាល​អន់​បំផុត​ម្នាក់​ដែល​ខ្ញុំ​ធ្លាប់​ស្គាល់។ ​មិន​ត្រឹម​តែ​ប្រកួត​ថ្ងៃ​នេះ​ទេ ​គាត់​បាន​ដឹក​នាំ​ការ​ប្រកួត​ច្រើន​មក​ហើយ​ដែល​ខ្ញុំ​បាន​ជួប ​ហើយ​ខ្ញុំ​មិន​ដែល​ទទួល​បាន​រឿង​ល្អ​ៗ​ពី​គាត់​ឡើយ។ គាត់​ជា​មហន្តរាយ​។ ​ទល់​អាហ្សង់ទីន​ជា​ការប្រកួត​សំខាន់ ​ហើយ​ការ​ផ្ដល់​បាល់​ប៉េណាល់ទី​នោះ​ក៏​ជា​ការ​ផ្លាស់​ប្ដូរ​ការ​ប្រកួត​ផង​ដែរ”។ ​រំលឹក​ថា​អាហ្សង់ទីន ​ទទួល​បាន​បាល់​ប៉េណាល់ទី​សម្រាប់​គ្រាប់​ទី​១​ដែល​ទាត់​ចូល​ដោយ Lionel Messi ​។ ​ការ​ផ្ដល់​បាល់​ប៉េណាល់ទី​នោះ​ដែរ គឺ​បន្ទាប់​ពី​អាជ្ញាកណ្ដាល​ចាប់​ថ្នាក់​ថា Dominik Livakovic ​បាន​បង្ក​កំហុស​លើ Julian Alvarez ​ក្នុង​ប្រអប់​គ្រោះ​ថ្នាក់ ខណៈ​ដែល​ខាង​ក្រូអាត​មិន​យល់​ស្រប​ចំពោះ​ការ​សម្រេច​ចិត្ត​នោះ​ទេ៕', '1671432090-khi0529.jpg', NULL, '2022-12-18 23:41:30', '2022-12-18 23:41:30'),
(20, '2022-12-26 11:12:54', 'FIFA បើក​ការ​ស៊ើប​អង្កេត​ករណី​ចុងភៅ​ល្បី Salt Bae ចូល​ទៅ​ឱប​ថើប​ពាន World Cup', 'FIFA នឹង​ធ្វើ​ការ​បើក​ការ​ស៊ើបអង្កេត​ពាក់​ព័ន្ធ​នឹង​ករណី​ចុងភៅ​សាច់​គោ​ដ៏​ល្បី ដែល​មាន​រហស្សនាម​ថា Salt Bae ក៏​ដូច​ជា​មនុស្ស​មួយ​ចំនួន​ទៀត ដែល​ចូល​ទៅ​កាន់​ទីលាន​បាល់ទាត់​ ដើម្បី​ទៅ​អបអរ​ជ័យជម្នះ​របស់​ក្រុម​ជម្រើស​ជាតិ​អាហ្សង់ទីន ដោយ​មិនមាន​ការ​អនុញ្ញាត​ច្បាស់លាស់។ នេះ​បើ​តាម​ការ​ចុះ​ផ្សាយ​របស់​សារព័ត៌មាន BBC។ ប្រភព​ខាង​លើ​បាន​ឱ្យ​ដឹង​ថា អ្នកនាំ​ពាក្យ​ FIFA បាន​និយាយ​ថា៖ «ក្រោយ​ការ​ត្រួតពិនិត្យ FIFA បាន​រក​ឃើញ​ថា​មាន​បុគ្គល​មួយ​ចំនួន​បាន​ចូល​ទៅ​កាន់​ទីលាន​ដោយ​មិនមាន​ការ​អនុញ្ញាត នៅ​ក្រោយ​ពិធី​បិទ នៅ​កីឡដ្ឋាន​ Lusail នៅ​ថ្ងៃ​ទី១៨ ខែ​ធ្នូ»។ «វិធានការ​ផ្ទៃក្នុង​សមស្រប​ណា​មួយ​នឹង​ត្រូវ​អនុវត្ត»។ នេះ​បើ​តាម​ការ​បន្ថែម​របស់ FIFA។សូមជម្រាបថា បើ​តាម​បទបញ្ជា​របស់ FIFA ពាន World Cup នឹង​ត្រូវ​បាន​កាន់​ដោយ​មនុស្ស​មួយ​ក្រុម​តូច​តែ​ប៉ុណ្ណោះ​ ដែល​រាប់​បញ្ចូល​ទាំង​កីឡាករ​ជើងឯក​ពាន​នេះ មន្ត្រី​របស់ FIFA និង​ប្រមុខ​រដ្ឋ​។ លោក Salt Bae ដែល​មាន​ឈ្មោះ​ពិត​ថា Nusret Gökçe ជា​ចុងភៅ​ និង​ម្ចាស់​ហាង​សាច់គោ​ទួរគី​ ដែល​ចាប់​ផ្ដើម​ល្បី​ឈ្មោះ​នៅ​ឆ្នាំ២០១៧។ តារា​ និង​កីឡាករ​ល្បីៗ​សុទ្ធ​តែ​ធ្លាប់​ជា​ភ្ញៀវ​របស់​លោក​នា​ពេល​កន្លង​មក៕\r\n\r\nប្រភព៖ BBC', '1672046624-ksjsa2.jpg', NULL, '2022-12-26 16:23:44', '2022-12-26 16:23:44'),
(21, '2022-12-28 09:12:45', 'កីឡាករ Barcelona ម្នាក់ថាខ្លួនផ្ទេរមកដោយសារចង់លេងជាមួយ Messi ហើយសង្ឃឹមថាគាត់ត្រឡប់មកវិញ', 'តារាឆ្នើមរបស់ក្លឹប Barcelona កីឡាករ Eric Garcia សង្ឃឹមថា Lionel Messi នឹងត្រលប់មកក្លឹបកាតាឡានពី Paris Saint-Germain (PSG) វិញ។កីឡាករអាហ្សង់ទីនបានចាកចេញកាលពីរដូវក្តៅមុន បន្ទាប់ពីក្លឹបយក្ស La Liga មិនអាចបន្តកុងត្រាថ្មីបានដោយសារច្បាប់កំណត់ប្រាក់ឈ្នួលរបស់ La Liga។ គាត់បានចូលរួមជាមួយ PSG លើការផ្ទេរដោយគ្មានតម្លៃខ្លួន។ទន្ទឹមនឹងនេះដែរ Eric Garcia បានចូលរួមជាមួយក្លឹបកាតាឡានពីក្លឹប Manchester City កាលពីរដូវក្តៅមុនផងដែរ។កីឡាករ​វ័យ២១ឆ្នាំ​រូបនេះ​មិន​ដែល​មាន​ឱកាស​លេង​ជាមួយ​ម្ចាស់​ពាន Ballon d’Or ប្រាំពីរ​សម័យកាល​នោះ​ទេ ដោយលើកហេតុផលនៃការផ្ទេរទៅក្លឹប Barcelona ដោយសារតារាឆ្នើម PSG រូបនេះផងដែរ។ ថ្មីៗនេះ Garcia បាននិយាយថា៖ “ខ្ញុំបានចូលរួមជាមួយ FC Barcelona ដើម្បីលេងជាមួយ Leo Messi ប៉ុន្តែគាត់បានចាកចេញ។ ខ្ញុំ​សង្ឃឹម​ថា​គាត់​ត្រលប់​មក​វិញ”៕\r\nប្រភព៖ Sportskeeda', '1672212351-skdood.jpg', NULL, '2022-12-28 14:25:51', '2022-12-28 14:25:51'),
(22, '2022-12-28 09:12:12', 'Real Madrid សម្លឹង​រក​បាន​អ្នក​ជំនួស Marcelo ស្រប​ពេល​ Ronaldo ណាត់​ថ្ងៃ​តេស្ត​សុខភាព​នៅ​ក្លឹប​ថ្មី', 'រំលង​តែ​ប្រហែល ៧២ ម៉ោង​ទៀត ដំណើរការ​ទីផ្សារ​ដោះដូរ​រដូវ​រងា​នឹង​ត្រូវ​បើក​ទ្វារ ហើយ​ក៏​ជឿ​ថា​បណ្តា​ក្លឹប​ធំ​តូច​ជា​ច្រើន បាន​សម្លឹង​ឃើញ​ឱកាស​ខាង​មុខ​នេះ ក្រោយ​ក្រវែល​តាម​មើល​គោលដៅ​ចង់​បាន​អស់​កាល​ជា​យូរ និង​ខ្លះ​ទៅ​ទើប​ត្រូវ​ចិត្ត​ក្រោយ​កីឡាករ​បង្ហាញ​ទម្រង់​លេង​នៅ World Cup។ងាក​ទៅ​ស្ថានភាព​ក្លឹប​អធិរាជ​ស​ក្នុង​ប្រទេស​អេស្ប៉ាញ​គឺ Real Madrid និង​ក្លឹប​នៅ​អារ៉ាប៊ីសាអ៊ូឌីត​គឺ Al Nassr ក៏​យើង​មាន​រឿងត្រូវ​ជជែក​គ្នា​ផង​ដែរ ព្រោះ​សុទ្ធ​តែ​ផ្សារភ្ជាប់​ទៅ​នឹង​អនាគត​តារា​ឆ្នើម​ទាំង ២ រូប​ក្នុង​ពិភព​បាល់ទាត់។\r\n១) Real Madrid រក​ឃើញ​អ្នក​ត្រូវ​ជំនួស​តំណែង Marcelo\r\nកាល​ដើម​ឡើយ ​ក្រុម​លោក Carlo Ancelotti មាន​ជម្រើស​ការពារ​ស្លាប​ឆ្វេង​ដល់​ទៅ ២ រួម​មាន Marcelo និង Ferland Mendy។ ដល់​តែ​ខែ​កញ្ញា ឆ្នាំ ២០២២ កន្លង​ទៅ កីឡាករ​សញ្ជាតិ​ប្រេស៊ីល​បាន​ចាកចេញ​នៅ​លក្ខខណ្ឌ​ឥត​តម្លៃ​ខ្លួន ទៅ​កាន់​ទ្រនំ​ថ្មី​នៅ​ឯ​ប្រទេស​ក្រិក​គឺ Olympiacos។ នេះ​មាន​ន័យ​ថា ជម្រើស​ក្នុង​ដៃ​របស់​ស្តេច​ស នៅ​ការពារ​ស្លាប​ឆ្វេង​សល់​តែ Mendy ម្នាក់​គត់ ដែល​ចំ​ជា​តំណែង​ហ្សីន វា​ក៏​ជា​ហេតុ​នាំ​ឲ្យ​ក្លឹប​ក្នុង​ទីក្រុង Madrid គិត​ឃើញ​ថា ការ​បំពេញ​ចូល​អ្នក​ថ្មី​គឺ​ជា​រឿង​ចាំ​បាច់ ហើយ​បាន​ដាក់​ចិត្ត​ទៅ​លើ​គោលដៅ​ជា​កីឡាករ​វ័យ​ក្មេង សញ្ជាតិ​កាណាដា គឺ Alphonso Davies។ បន្ទាប់​ជោគជ័យ​ការ​ចរចា​សម្រេច​នាំ​យក Endrick នៅ​តំបន់​ប្រយុទ្ធ ក្លឹប​ម្ចាស់ដី Bernabeu ក៏​សម្លឹង​ចង់​ពង្រឹង​បន្ថែម​នៅ​តំបន់​ការពារ​ក្រោម ហើយ​មើល​ឃើញ Davies ជា​អ្នក​ដ៏​សក្ដិសម ក្នុង​ការ​មក​ជំនួស​កន្លែង​ Marcelo។ យ៉ាង​ណា​ក្លឹប​មិន​ទាន់​គិត ថា​នឹង​អាច​ចរចា​ជោគជ័យ​នៅ​ឆ្នាំ ២០២៣ ខាង​មុខ​ទេ ពោល​ទុក​ឲ្យ​កីឡាករ​កៀក​ផុត​កុងត្រា​នៅ​ឆ្នាំ​បន្ទាប់​មួយ​ទៀត ២០២៤ ពោល​ចង់​យក​បាន​វត្តមាន​របស់​កីឡាករ​កាណាដា ដំណាល​គ្នា​នឹង​ការ​មក​ដល់​របស់ Endrick តែ​ម្តង។ យុវជន​វ័យ ២២ ឆ្នាំ ដូច​បាន​មើល​ឃើញ ល្អ​ទាំង​ការពារ ល្អ​ទាំង​ការ​បង្កើត​ឱកាស ការ​រក​គ្រាប់​បាល់ ជា​រួម​អាច​លេង​បាន​ទាំង​ទម្រង់​ការពារ​ស្លាប និង​ប្រយុទ្ធ​ស្លាប ដូច​បង្ហាញ​កន្លង​មក​ឲ្យ​ក្លឹប Bayern Munich និង​ជម្រើស​ជាតិ​កាណាដា​នៅ World Cup។\r\n២) Al Nassr ណាត់​ថ្ងៃ​តេស្ត​សុខភាព​ជាមួយ Ronaldo\r\nតាម​របាយការណ៍​ពី CBS Sports ចុះ​ផ្សាយ​ថា ក្លឹប​សេដ្ឋី​នៅ​មជ្ឈិមបូព៌ា​បាន​ណាត់​ថ្ងៃ​តេស្ត​សុខភាព​ជាមួយ Cristiano Ronaldo ហើយ​បម្រុង​នឹង​សម្រេច​គ្រប់​យ៉ាង​ត្រឹម​ដើម​ខែ​មករា ឆ្នាំ ២០២៣ ខាង​មុខ។\r\nនេះ​វា​មាន​ន័យ​ថា ដំណើរការ​ចរចា​គឺ​ឈាន​ដល់​ ៩៥ ភាគរយ កៀក​នឹង​ប្រកាស​ជា​ផ្លូវការ ហើយ​វត្តមាន​កីឡាករ​វ័យ ៣៧ ឆ្នាំ នៅ​ក្លឹប​ក្នុង​ទ្វីប​អាស៊ី ក៏​នឹង​រំពឹង​ចូលរួម​ចំណែក​រក​គ្រាប់​បាល់​ជា​ហែហូរ ជួយ​ក្លឹប​ឲ្យ​ស្គាល់​ជាតិ​ឈ្នះ​ពាន​លីគ​កំពូល ក្រោយ​ខកខាន​តាំង​ឆ្នាំ ២០១៩។ បុរស​សញ្ជាតិ​ព័រទុយហ្គាល់ រំពឹង​អាច​កើប​លុយ​ល្បាក់ ២០៧ លាន​ដុល្លារ/ឆ្នាំ នេះ​បើ​បូក​ទាំង​ប្រាក់​ឈ្នួល និង​ប្រាក់​កិច្ច​ព្រមព្រៀង​លើ​កម្មសិទ្ធិបញ្ញា​ផ្សេងៗ​ជាមួយ​ក្លឹប​ខាង​លើ៕\r\nប្រភព៖ បរទេស​​​', '1672212626-ddddds.jpg', NULL, '2022-12-28 14:30:26', '2022-12-28 14:30:26'),
(23, '2022-12-31 09:12:15', 'Honda បង្ហាញប្រតិកម្មបែបនេះ ចំពោះការបន្ដកុងត្រាឱ្យគ្រូជម្រើសជាតិជប៉ុន', 'លោក Hajime​​​​​​​​​​​​​​​​​​​​​​​​​​​​​​​​​​​​​​​​​​​​​​​​​​​​​​​​​​​​​​​​​​​​​​​​​​​​​​​​​​​​​​​​​​​​​​​​​​​​​​​​​​​​​​​​​​​​​​​​​​​​​​​​​​​​​​​​​​​​​​​​​​​​​​​​ Moriyasu​ ជាគ្រូបង្វឹកដំបូងរបស់ក្រុមជម្រើសជាតិជប៉ុន ដែលបន្ដនៅដឹកនាំ ក្រោយចប់ព្រឹត្តិការណ៍ FIFA World Cup ខណៈដែលអ្នកចាត់ការក្រុមជម្រើសជាតិកម្ពុជា ក៏បានបង្ហាញប្រតិកម្មជុំវិញដំណឹងនេះផងដែរ។ កិច្ចសន្យាថ្មីរបស់បុរសវ័យ៥៤ឆ្នាំរូបនេះ ត្រូវបានបន្ដរហូតដល់ចប់ព្រឹត្តិការណ៍ World​​​​​​​​​​​​​​​​​​​​​​​​​​​​​​​​​​​​​​​​​​​​​​​​​​​​​​​​​​​​​​​​​​​​​​​​​​​​​​​​​​​​​​​​​​​​​​​​​​​​​​​​​​​​​​​​​​​​​​​​​​​​​​​​​​​​​​​​​​​​​​​​​​​​​​​​ Cup 2026។ នេះបើយោងតាមការលើកឡើងរបស់ប្រធានសហព័ន្ធបាល់ទាត់ជប៉ុនលោក Kozo Tajima។ ក្រុមសាម៉ូរ៉ៃជប៉ុន ដឹកនាំដោយលោក Moriyasu​​​​​​​​​​​​​​​​​​​​​​​​​​​​​​​​​​​​​​​​​​​​​​​​​​​​​​​​​​​​​​​​​​​​​​​​​​​​​​​​​​​​​​​​​​​​​​​​​​​​​​​​​​​​​​​​​​​​​​​​​​​​​​​​​​​​​​​​​​​​​​​​​​​​​​​​ បានធ្វើឱ្យមានភាពភ្ញាក់ផ្អើលនៅក្នុងការប្រកួតវគ្គចែកពូល World Cup នៅកាតារ ដោយពួកគេអាចយកឈ្នះ ក្រុមអេស្ប៉ាញ និងអាល្លឺម៉ង់ ហើយបញ្ចប់ពូលក្នុងនាមជាក្រុមកំពូលតារាង។ ទោះយ៉ាងណាក្ដី​​​​​​​​​​​​​​​​​​​​​​​​​​​​​​​​​​​​​​​​​​​​​​​​​​​​​​​​​​​​​​​​​​​​​​​​​​​​​​​​​​​​​​​​​​​​​​​​​​​​​​​​​​​​​​​​​​​​​​​​​​​​​​​​​​​​​​​​​​​​​​​​​​​​​​​​ ក្រុមខ្លាំងមកពីអាស៊ីមួយនេះ បានបរាជ័យទាំងប្រផុតប្រផើយ ក្រោមថ្វីជើងរបស់ក្រូអាត ដោយបាល់១១ម៉ែត្រកាត់សេចក្ដី។ អ្នកចាត់ការក្រុមគោព្រៃកម្ពុជា លោក Keisuke​​​​​​​​​​​​​​​​​​​​​​​​​​​​​​​​​​​​​​​​​​​​​​​​​​​​​​​​​​​​​​​​​​​​​​​​​​​​​​​​​​​​​​​​​​​​​​​​​​​​​​​​​​​​​​​​​​​​​​​​​​​​​​​​​​​​​​​​​​​​​​​​​​​​​​​​ Honda បានបង្ហាញចំណាប់អារម្មណ៍របស់លោក នៅលើគណនី Twitter ដោយសរសេរថា៖ “គ្រូបង្គោលក្រុមជម្រើសជាតិជប៉ុន បន្ដការដឹកនាំ។ មែនហើយ, ពុំមានអ្វីគួរឱ្យភ្ញាក់ផ្អើលនោះទេ”៕\r\nប្រភព៖ Twitter', '1672290074-skskkd.jpg', '1672472491-Augsburg-vs-Eintracht-Frankfurt-Highlights25.jpg', '2022-12-29 12:01:14', '2022-12-31 14:41:31');

-- --------------------------------------------------------

--
-- Table structure for table `banner`
--

CREATE TABLE `banner` (
  `id` bigint(20) UNSIGNED NOT NULL,
  `name` varchar(191) COLLATE utf8mb4_unicode_ci DEFAULT NULL,
  `photo` varchar(191) COLLATE utf8mb4_unicode_ci DEFAULT NULL,
  `video` varchar(191) COLLATE utf8mb4_unicode_ci DEFAULT NULL,
  `created_at` timestamp NULL DEFAULT NULL,
  `updated_at` timestamp NULL DEFAULT NULL
) ENGINE=MyISAM DEFAULT CHARSET=utf8mb4 COLLATE=utf8mb4_unicode_ci;

--
-- Dumping data for table `banner`
--

INSERT INTO `banner` (`id`, `name`, `photo`, `video`, `created_at`, `updated_at`) VALUES
(8, 'kongchansila', '1672394917-testing.mp4', NULL, '2022-12-30 17:08:37', '2022-12-30 17:08:37');

-- --------------------------------------------------------

--
-- Table structure for table `bot`
--

CREATE TABLE `bot` (
  `id` bigint(20) UNSIGNED NOT NULL,
  `bot_id` varchar(191) COLLATE utf8mb4_unicode_ci DEFAULT NULL,
  `chat_id` varchar(191) COLLATE utf8mb4_unicode_ci DEFAULT NULL,
  `token` varchar(191) COLLATE utf8mb4_unicode_ci DEFAULT NULL,
  `created_at` timestamp NULL DEFAULT NULL,
  `updated_at` timestamp NULL DEFAULT NULL
) ENGINE=MyISAM DEFAULT CHARSET=utf8mb4 COLLATE=utf8mb4_unicode_ci;

--
-- Dumping data for table `bot`
--

INSERT INTO `bot` (`id`, `bot_id`, `chat_id`, `token`, `created_at`, `updated_at`) VALUES
(1, '5709990405', '5026193322', 'AAHjzoiIrhhENrTZvfm8XWl3jg7zuQfTu_U', '2022-12-13 01:12:32', '2022-12-13 01:23:11');

-- --------------------------------------------------------

--
-- Table structure for table `category`
--

CREATE TABLE `category` (
  `id` bigint(20) UNSIGNED NOT NULL,
  `name` varchar(191) COLLATE utf8mb4_unicode_ci NOT NULL,
  `code` varchar(191) COLLATE utf8mb4_unicode_ci NOT NULL,
  `photo` varchar(191) COLLATE utf8mb4_unicode_ci DEFAULT NULL,
  `slug` varchar(191) COLLATE utf8mb4_unicode_ci NOT NULL,
  `detail` varchar(191) COLLATE utf8mb4_unicode_ci DEFAULT NULL,
  `created_at` timestamp NULL DEFAULT NULL,
  `updated_at` timestamp NULL DEFAULT NULL
) ENGINE=MyISAM DEFAULT CHARSET=utf8mb4 COLLATE=utf8mb4_unicode_ci;

--
-- Dumping data for table `category`
--

INSERT INTO `category` (`id`, `name`, `code`, `photo`, `slug`, `detail`, `created_at`, `updated_at`) VALUES
(2, 'Bundesliga', '447932423444', NULL, '44793242', NULL, '2022-12-13 02:17:25', '2022-12-13 02:18:23'),
(3, 'Champions League', '69874652', NULL, '69874652', NULL, '2022-12-13 02:28:32', '2022-12-13 02:28:32'),
(4, 'Carabao Cup', '23402307', NULL, '23402307', NULL, '2022-12-13 02:28:54', '2022-12-13 02:28:54'),
(5, 'English (American)', '48527814', NULL, '48527814', NULL, '2022-12-13 21:17:42', '2022-12-13 21:20:28'),
(6, 'Conference League', '41493615', NULL, '41493615', NULL, '2022-12-13 21:17:54', '2022-12-13 21:17:54'),
(7, 'Coppa Italia', '31510269', NULL, '31510269', NULL, '2022-12-13 21:18:13', '2022-12-13 21:18:13'),
(8, 'Coupe de France', '42662973', NULL, '42662973', NULL, '2022-12-13 21:18:26', '2022-12-13 21:18:26'),
(9, 'Copa Del Rey', '67362236', NULL, '67362236', NULL, '2022-12-13 21:18:43', '2022-12-13 21:18:43'),
(10, 'FIFA WordCup', '44157478', NULL, '44157478', NULL, '2022-12-13 21:20:41', '2022-12-13 21:20:41'),
(11, 'CHAMPIONS LEAGUE REFEREES', '63111502', NULL, '63111502', NULL, '2022-12-13 21:21:05', '2022-12-13 21:21:05'),
(12, 'single header', '16311931', NULL, '16311931', NULL, '2022-12-14 01:42:49', '2022-12-14 01:42:49');

-- --------------------------------------------------------

--
-- Table structure for table `failed_jobs`
--

CREATE TABLE `failed_jobs` (
  `id` bigint(20) UNSIGNED NOT NULL,
  `uuid` varchar(191) COLLATE utf8mb4_unicode_ci NOT NULL,
  `connection` text COLLATE utf8mb4_unicode_ci NOT NULL,
  `queue` text COLLATE utf8mb4_unicode_ci NOT NULL,
  `payload` longtext COLLATE utf8mb4_unicode_ci NOT NULL,
  `exception` longtext COLLATE utf8mb4_unicode_ci NOT NULL,
  `failed_at` timestamp NOT NULL DEFAULT CURRENT_TIMESTAMP
) ENGINE=MyISAM DEFAULT CHARSET=utf8mb4 COLLATE=utf8mb4_unicode_ci;

-- --------------------------------------------------------

--
-- Table structure for table `highlight`
--

CREATE TABLE `highlight` (
  `id` bigint(20) UNSIGNED NOT NULL,
  `date` timestamp NOT NULL DEFAULT CURRENT_TIMESTAMP,
  `title` text COLLATE utf8mb4_unicode_ci,
  `category` varchar(191) COLLATE utf8mb4_unicode_ci DEFAULT NULL,
  `detail` text COLLATE utf8mb4_unicode_ci,
  `video` text COLLATE utf8mb4_unicode_ci,
  `photo` varchar(191) COLLATE utf8mb4_unicode_ci DEFAULT NULL,
  `created_at` timestamp NULL DEFAULT NULL,
  `updated_at` timestamp NULL DEFAULT NULL
) ENGINE=MyISAM DEFAULT CHARSET=utf8mb4 COLLATE=utf8mb4_unicode_ci;

--
-- Dumping data for table `highlight`
--

INSERT INTO `highlight` (`id`, `date`, `title`, `category`, `detail`, `video`, `photo`, `created_at`, `updated_at`) VALUES
(3, '2022-12-13 19:12:05', 'Cameroon Vs Brazil Video Highlights', '10', 'Cameroon vs Brazil Highlights Competition: World Cup Start date: 02 Dec 2022 19:00 Venue: Lusail Iconic Stadium Referee: Ismail ElfathDisclaimer: This content is provided and hosted by streamable. HighlightsFootball is not…', NULL, '1670988470-cameroon-vs-brazil.jpg', '2022-12-13 20:27:50', '2022-12-14 00:08:08'),
(2, '2022-12-13 19:12:47', 'Serbia Vs Switzerland Video Highlights', '2', 'Netherlands vs USA Video Highlights Competition: World Cup Start date: 03 Dec 2022 15:00 Venue: Khalifa International Stadium Referee: Pereira SampaioDisclaimer: This content is provided and hosted by streamable.…\r\nNovember, 21 2022', NULL, '1671001883-wolves-vs-arsenal-highlights-210x136.jpg', '2022-12-13 19:50:09', '2022-12-14 00:11:23'),
(4, '2022-12-14 03:12:52', 'Ghana Vs Uruguay Highlights', '2', 'Ghana vs Uruguay Highlights Competition: World Cup Start date: 02 Dec 2022 15:00 Venue: Al Janoub Stadium Referee: Daniel SiebertDisclaimer: This content is provided and hosted by streamable. HighlightsFootball is not…\r\nNovember, 21 2022', NULL, '1670988518-ghana-vs-uruguay.jpg', '2022-12-13 20:28:38', '2022-12-13 20:28:38'),
(5, '2022-12-14 03:12:45', 'South Korea Vs Portugal Video Highlights', '2', 'South Korea vs Portugal Highlights Competition: World Cup Start date: 02 Dec 2022 15:00 Venue: Education City Stadium Referee: Facundo TelloDisclaimer: This content is provided and hosted by streamable. HighlightsFootball…', NULL, '1670988554-south-korea-vs-portugal.jpg', '2022-12-13 20:29:14', '2022-12-13 20:29:14'),
(6, '2022-12-14 03:12:19', 'Germany Vs Costa Rica Video Highlights', '2', 'Germany vs Costa Rica Highlights Competition: World Cup Start date: 01 Dec 2022 19:00 Venue: Al Bayt Stadium Referee: Stephanie FrappartDisclaimer: This content is provided and hosted by streamable. HighlightsFootball is…', NULL, '1670988585-costa-rica-vs-germany.jpg', '2022-12-13 20:29:45', '2022-12-13 20:29:45'),
(7, '2022-12-14 03:12:58', 'Japan Vs Spain Video Highlights', '3', 'Japan vs Spain Highlights Competition: World Cup Start date: 01 Dec 2022 19:00 Venue: Khalifa International Stadium Referee: Victor GomesDisclaimer: This content is provided and hosted by streamable. HighlightsFootball is…', NULL, '1670988620-japan-vs-spain-highlights.jpg', '2022-12-13 20:30:20', '2022-12-13 20:30:20'),
(8, '2022-12-14 03:12:18', 'RB Leipzig Vs Bayer Leverkusen Highlights', '3', 'MATCH INFO – RB Leipzig vs Bayer Leverkusen Highlights Start date: 29 Oct 2022 14:30 Location: Leipzig Venue: Red Bull Arena Referee: Sven JablonskiDisclaimer: This content is provided and hosted by streamable. FootballHighlight…', NULL, '1670990380-RB-Leipzig-vs-Bayer-Leverkusen-Highlights.jpg', '2022-12-13 20:59:40', '2022-12-13 20:59:40'),
(9, '2022-12-14 04:12:05', 'Eintracht Frankfurt Vs Dortmund Highlights', '3', 'MATCH INFO – Eintracht Frankfurt vs Dortmund Highlights Start date: 29 Oct 2022 17:30 Location: Frankfurt Venue: Deutsche Bank Park Referee: Sascha StegemannDisclaimer: This content is provided and hosted by streamable.…', NULL, '1670990433-Eintracht-Frankfurt-vs-Dortmund-Highlights.jpg', '2022-12-13 21:00:33', '2022-12-13 21:00:33'),
(10, '2022-12-13 20:12:15', 'Wolfsburg Vs Bochum Highlights', '2', 'MATCH INFO – Wolfsburg vs Bochum Highlights Start date: 29 Oct 2022 14:30 Location: Wolfsburg Venue: Volkswagen Arena Referee: Robert HartmannDisclaimer: This content is provided and hosted by streamable. FootballHighlight is not…', NULL, '1671004886-Bayern-Munich-vs-Mainz-Highlights.jpg', '2022-12-13 21:02:22', '2022-12-14 01:01:26'),
(11, '2022-12-14 04:12:39', 'Bayern Munich Vs Mainz Highlights', '2', 'MATCH INFO – Bayern Munich vs Mainz Highlights Start date: 29 Oct 2022 14:30 Location: Munich Venue: Allianz Arena Referee: Benjamin Cortus <Disclaimer: This content is provided and hosted by streamable. FootballHighlight is not…', NULL, '1670990588-Bayern-Munich-vs-Mainz-Highlights.jpg', '2022-12-13 21:03:08', '2022-12-13 21:03:08'),
(12, '2022-12-16 01:12:06', 'Bayer Leverkusen Vs Wolfsburg Highlights', '2', 'MATCH INFO – Bayer Leverkusen vs Wolfsburg Highlights Start date: 22 Oct 2022 14:30 Location: Leverkusen Venue: BayArena Referee: Felix BrychDisclaimer: This content is provided and hosted by streamable. FootballHighlight is not…', NULL, '1671155245-mart.jpg', '2022-12-13 21:03:48', '2022-12-15 18:47:25'),
(13, '2022-12-13 20:12:49', 'Hoffenheim vs Bayern Munich Highlights', '2', 'his content is provided and hosted by streamable. FootballHighlight is not responsible for and cannot be accountable for any of the content hosted on the third-party site. For any legal complaints please contact the video/audio hosting provider.', NULL, '1671007255-1670990588-Bayern-Munich-vs-Mainz-Highlights.jpg', '2022-12-14 00:55:06', '2022-12-14 01:40:55'),
(14, '2022-12-13 20:12:14', 'Hoffenheim Vs Bayern Munich Highlights', '2', 'MATCH INFO – Bayer Leverkusen vs Wolfsburg Highlights Start date: 22 Oct 2022 14:30 Location: Leverkusen Venue: BayArena Referee: Felix BrychDisclaimer: This', NULL, '1671006752-1671004886-Bayern-Munich-vs-Mainz-Highlights.jpg', '2022-12-14 01:29:53', '2022-12-14 01:38:20'),
(15, '2022-12-19 01:12:07', 'his content is provided and hosted by', '2', 'MATCH INFO – Bayer Leverkusen vs Wolfsburg Highlights Start date: 22 Oct 2022 14:30 Location: Leverkusen Venue: BayArena Referee: Felix BrychDisclaimer: This', NULL, '1671412901-_124864980_trophylift_getty.jpg', '2022-12-14 01:46:43', '2022-12-18 18:21:41'),
(16, '2022-12-22 15:12:21', 'Ryu Hirose ​៖ ​ហុងដា ​នឹង​មក​ដឹក​នាំ​ក្រុម​កម្ពុជា​នៅ AFF Cup 2022 ​ខាង​មុខ​', '2', '​ជាមួយ​ការ​តាំង​ចិត្ត​នេះ​ដែរ ​លោក Hirose ​គ្រូ​បង្វឹក​ក្រុម​ឈុត​ធំ​កម្ពុជា​បាន​អះអាង​ប្រាប់​អ្នក​គាំទ្រ​ថា​នៅ​ជំនួប​នា​ថ្ងៃ​ស្អែក​នេះ ​នឹង​មាន​វត្ដមាន​របស់​លោក Honda ​អ្នក​ចាត់ការ​ក្រុម​មក​ផង​ដែរ។ ​កន្លង​ទៅ Honda ​មិន​បាន​មក​ផ្ទាល់​នោះ​ទេ​ដោយសារ​មាន​ភារកិច្ច​នៅ World Cup ​តែ​ក្រោយ​ពី​ចប់​នៅ​យប់មិញ ​លោក​អាច​ត្រលប់​មក​ជួយ​ដឹក​នាំ​ក្រុម​ជម្រើស​ជាតិ​កម្ពុជា​វិញ​ហើយ។\r\n\r\n​​រំលឹក​ថា​ការ​ប្រកួត​ពានរង្វាន់ AFF Mitsubishi Electric Cup 2022 ដែលត្រូវធ្វើចាប់ពីថ្ងៃទី២០ ខែធ្នូ ឆ្នាំ២០២២ ដល់ថ្ងៃទី១៦ ខែមករា ឆ្នាំ២០២៣ ដោយ​ក្នុង​នោះ ក្រុមកម្ពុជា ឈរ​នៅពូល​A ជាមួយថៃ​ ឥណ្ឌូនេស៊ី ហ្វីលីពីន និងក្រុមប្រ៊ុយណេ​ ចំណែកពូលB មាន​ក្រុមវៀតណាម ម៉ាឡេស៊ី សិង្ហបុរី មីយ៉ាន់ម៉ា ​និងឡាវ៕', 'ArgentinavFrance-FIFAWorldCup2022Highlights.mp4', '1671673596-nbm365.jpg', '2022-12-22 08:15:12', '2022-12-22 08:46:45'),
(17, '2022-12-26 12:12:47', 'កម្ពុជា ៣-២ ហ្វីលីពីន (AFF Mitsubishi Electric Cup 2022: វគ្គចែកពូល)', '12', 'កម្ពុជា ៣-២ ហ្វីលីពីន (AFF Mitsubishi Electric Cup 2022: វគ្គចែកពូល)', '', '1672050948-Cambodia 3-2 Philippines (AFF Mitsubishi Electric Cup 2022_ Group Stage).mp4', '2022-12-26 17:35:48', '2022-12-26 17:35:48');

-- --------------------------------------------------------

--
-- Table structure for table `livestream`
--

CREATE TABLE `livestream` (
  `id` bigint(20) UNSIGNED NOT NULL,
  `date` timestamp NOT NULL DEFAULT CURRENT_TIMESTAMP,
  `title` varchar(191) COLLATE utf8mb4_unicode_ci DEFAULT NULL,
  `live_id` text COLLATE utf8mb4_unicode_ci,
  `server_id` text COLLATE utf8mb4_unicode_ci,
  `detail` varchar(191) COLLATE utf8mb4_unicode_ci DEFAULT NULL,
  `photo` varchar(191) COLLATE utf8mb4_unicode_ci DEFAULT NULL,
  `created_at` timestamp NULL DEFAULT NULL,
  `updated_at` timestamp NULL DEFAULT NULL
) ENGINE=MyISAM DEFAULT CHARSET=utf8mb4 COLLATE=utf8mb4_unicode_ci;

--
-- Dumping data for table `livestream`
--

INSERT INTO `livestream` (`id`, `date`, `title`, `live_id`, `server_id`, `detail`, `photo`, `created_at`, `updated_at`) VALUES
(3, '2022-12-24 12:12:58', 'Phnom Penh Vs  Boeung Ket', NULL, NULL, 'World Cup Qatar 2022 ( វគ្គផ្ដាច់ព្រ័ត្រ) | អាហ្សង់ទីន ប្រកួតជាមួយ បារាំង វេលាម៉ោង 10:00 PM (18-12-2022)', '1671876245-photo_2022-12-24_16-58-51.jpg', '2022-12-18 21:58:40', '2022-12-24 17:04:05'),
(4, '2022-12-24 12:12:47', 'Phnom Penh Vs  Boeung Ket', NULL, NULL, 'World Cup Qatar 2022 ( វគ្គផ្ដាច់ព្រ័ត្រ) | អាហ្សង់ទីន ប្រកួតជាមួយ បារាំង វេលាម៉ោង 10:00 PM (18-12-2022)', '1671876234-photo_2022-12-24_16-58-51.jpg', '2022-12-18 23:21:02', '2022-12-24 17:03:54'),
(5, '2022-12-24 12:12:39', 'Phnom Penh Vs  Boeung Ket', NULL, NULL, 'World Cup Qatar 2022 ( វគ្គផ្ដាច់ព្រ័ត្រ) | អាហ្សង់ទីន ប្រកួតជាមួយ បារាំង វេលាម៉ោង 10:00 PM (18-12-2022)', '1671876224-photo_2022-12-24_16-58-51.jpg', '2022-12-18 23:21:31', '2022-12-24 17:03:44'),
(6, '2022-12-25 08:12:16', 'Malaysia Vs Lao', NULL, NULL, 'Malaysia  ប្រកួតជាមួយ Laoវេលាម៉ោង 05:00 PM (25-12-2022)', '1671948424-photo_2022-12-24_16-58-51.jpg', '2022-12-24 17:01:21', '2022-12-25 13:07:04'),
(7, '2022-12-26 12:12:06', 'ផ្សាយបន្តផ្ទាល់ English Premier League រវាងក្រុម Brentford VS Tottenham Hospur វេលាម៉ោង ០៧ៈ៣០នាទីល្ងាច (26-Dec-2022)', NULL, NULL, 'ផ្សាយបន្តផ្ទាល់ English Premier League រវាងក្រុម Brentford VS Tottenham Hospur វេលាម៉ោង ០៧ៈ៣០នាទីល្ងាច (26-Dec-2022)', '1672049352-s777sd.jpg', '2022-12-26 17:03:12', '2022-12-26 17:09:12'),
(8, '2022-12-31 10:12:22', 'Leicester City Villa VS Newcastle', NULL, NULL, 'ផ្សាយបន្តផ្ទាល់ English Premier League រវាងក្រុម Leicester City Villa VS Newcastle វេលាម៉ោង ១០ៈ០០​នាទីអាទ្រាធ (26-Dec-2022)', '1672050691-sssd.jpg', '2022-12-26 17:31:31', '2022-12-31 15:21:25'),
(10, '2022-12-31 08:12:12', 'Wolverhampton Vs Manchester United', 'e13bbcdc-c749-c5c8-64b7-bfaffbea9434', '5f706a5b-7573-6b1a-084c-5c746795f80c', 'ផ្សាយបន្តផ្ទាល់ English Premier League រវាងក្រុម Wolverhampton VS Manchester United 5f706a5b-7573-6b1a-084c-5c746795f80c-live-e13bbcdc-c749-c5c8-64b7-bfaffbea9434', '1672466465-bLc6FSfMgetw928jyla.jpg', '2022-12-31 13:01:05', '2022-12-31 13:54:32'),
(11, '2022-12-31 10:12:41', 'testfs', '1744c8c1-a46d-aad2-2da6-dd88e5af1a42', '5303f1a7-5863-c1d7-85bf-1d1b0cc30e82', 'testfs5303f1a7-5863-c1d7-85bf-1d1b0cc30e82', '1672475005-logo.jpg', '2022-12-31 15:23:25', '2022-12-31 15:23:25');

-- --------------------------------------------------------

--
-- Table structure for table `migrations`
--

CREATE TABLE `migrations` (
  `id` int(10) UNSIGNED NOT NULL,
  `migration` varchar(191) COLLATE utf8mb4_unicode_ci NOT NULL,
  `batch` int(11) NOT NULL
) ENGINE=MyISAM DEFAULT CHARSET=utf8mb4 COLLATE=utf8mb4_unicode_ci;

--
-- Dumping data for table `migrations`
--

INSERT INTO `migrations` (`id`, `migration`, `batch`) VALUES
(1, '2014_10_12_000000_create_users_table', 1),
(2, '2014_10_12_100000_create_password_resets_table', 1),
(3, '2019_08_19_000000_create_failed_jobs_table', 1),
(4, '2022_10_28_082347_create_bot_table', 2),
(5, '2022_06_13_141852_create_category_table', 3),
(6, '2022_06_13_141852_create_highlight_table', 4),
(7, '2022_06_13_141852_create_popular_table', 5),
(8, '2022_12_15_071742_create_article_table', 6),
(9, '2022_12_19_044556_create_livestream_table', 7);

-- --------------------------------------------------------

--
-- Table structure for table `password_resets`
--

CREATE TABLE `password_resets` (
  `email` varchar(191) COLLATE utf8mb4_unicode_ci NOT NULL,
  `token` varchar(191) COLLATE utf8mb4_unicode_ci NOT NULL,
  `created_at` timestamp NULL DEFAULT NULL
) ENGINE=MyISAM DEFAULT CHARSET=utf8mb4 COLLATE=utf8mb4_unicode_ci;

-- --------------------------------------------------------

--
-- Table structure for table `popular`
--

CREATE TABLE `popular` (
  `id` bigint(20) UNSIGNED NOT NULL,
  `date` timestamp NOT NULL DEFAULT CURRENT_TIMESTAMP,
  `title` varchar(191) COLLATE utf8mb4_unicode_ci DEFAULT NULL,
  `detail` text COLLATE utf8mb4_unicode_ci,
  `photo` varchar(191) COLLATE utf8mb4_unicode_ci DEFAULT NULL,
  `created_at` timestamp NULL DEFAULT NULL,
  `updated_at` timestamp NULL DEFAULT NULL
) ENGINE=MyISAM DEFAULT CHARSET=utf8mb4 COLLATE=utf8mb4_unicode_ci;

--
-- Dumping data for table `popular`
--

INSERT INTO `popular` (`id`, `date`, `title`, `detail`, `photo`, `created_at`, `updated_at`) VALUES
(1, '2022-12-13 21:12:47', 'Real Madrid vs Chelsea Highlights', NULL, '1671010707-real-madrid-vs-chelsea-210x136.jpg', '2022-12-14 02:38:27', '2022-12-14 02:38:27'),
(2, '2022-12-13 21:12:22', 'Japan vs Spain Video Highlights', NULL, '1671010953-japan-vs-spain-highlights-210x136.jpg', '2022-12-14 02:42:19', '2022-12-14 02:42:33'),
(3, '2022-12-13 21:12:48', 'France vs England Video Highlights', NULL, '1671011457-cameroon-vs-brazil.jpg', '2022-12-14 02:50:57', '2022-12-14 02:50:57'),
(4, '2022-12-13 21:12:49', 'Croatia vs Brazil Video Highlights', NULL, '1671011643-Borussia-Mgladbach-vs-Dortmund-Highlights2454-750x430.jpg', '2022-12-14 02:54:03', '2022-12-14 02:54:03'),
(5, '2022-12-13 21:12:41', 'Liverpool vs Leicester City Highlights', NULL, '1671011687-ghana-vs-uruguay.jpg', '2022-12-14 02:54:32', '2022-12-14 02:54:47'),
(6, '2022-12-13 21:12:10', 'Argentina vs Netherlands Video Highlights', NULL, '1671011731-south-korea-vs-portugal.jpg', '2022-12-14 02:55:31', '2022-12-14 02:55:31'),
(7, '2022-12-13 21:12:13', 'Croatia vs Brazil Video Highlights', NULL, '1671011785-bLc6FSfMgetw928jyla.jpg', '2022-12-14 02:56:25', '2022-12-14 02:56:25'),
(8, '2022-12-13 21:12:58', 'Wolverhampton vs Arsenal Highlights', NULL, '1671011826-cameroon-vs-brazil.jpg', '2022-12-14 02:57:06', '2022-12-14 02:57:06'),
(9, '2022-12-13 21:12:47', 'Portugal vs Switzerland Video Highlights', NULL, '1671011874-HIC_WORLD-CUP-RANKINGS_16-9.webp', '2022-12-14 02:57:35', '2022-12-14 02:57:54'),
(10, '2022-12-13 21:12:37', 'England vs Senegal Video Highlights', NULL, '1671011922-_124640022_248defee6be47f5f26591145efd77346cf5454a4.jpg', '2022-12-14 02:58:42', '2022-12-14 02:58:42'),
(11, '2023-01-02 17:01:51', 'Germany vs Japan Video Highlights', 'Germany vs Japan Video Highlights', '1671011937-_124721026_fulhamcelebrate.jpg', '2022-12-14 02:58:57', '2023-01-02 10:48:55');

-- --------------------------------------------------------

--
-- Table structure for table `users`
--

CREATE TABLE `users` (
  `id` bigint(20) UNSIGNED NOT NULL,
  `name` varchar(191) COLLATE utf8mb4_unicode_ci NOT NULL,
  `phone` varchar(191) COLLATE utf8mb4_unicode_ci NOT NULL,
  `email` varchar(191) COLLATE utf8mb4_unicode_ci NOT NULL,
  `email_verified_at` timestamp NULL DEFAULT NULL,
  `password` varchar(191) COLLATE utf8mb4_unicode_ci NOT NULL,
  `remember_token` varchar(100) COLLATE utf8mb4_unicode_ci DEFAULT NULL,
  `created_at` timestamp NULL DEFAULT NULL,
  `updated_at` timestamp NULL DEFAULT NULL
) ENGINE=MyISAM DEFAULT CHARSET=utf8mb4 COLLATE=utf8mb4_unicode_ci;

--
-- Dumping data for table `users`
--

INSERT INTO `users` (`id`, `name`, `phone`, `email`, `email_verified_at`, `password`, `remember_token`, `created_at`, `updated_at`) VALUES
(1, 'owner', '0968877203', 'owner@gmail.com', '2022-12-12 20:53:53', '$2y$10$pJdIGLC.FpY0AbmOjl6o.OKxbGPJfkRMxS9YON5y1HLFL/scXqr26', NULL, '2022-12-12 20:53:53', '2022-12-12 20:53:53'),
(2, 'admin', '0968877203', 'admin@gmail.com', '2022-12-12 20:53:53', '$2y$10$jmzTaj44vOC6lspa47UFzO3jrhWi0WcivJh6dc/RbCQPU9zIENz5G', NULL, '2022-12-12 20:53:53', '2022-12-12 20:53:53'),
(3, 'staff', '0968877203', 'staff@gmail.com', '2022-12-12 20:53:53', '$2y$10$IEnFT1eT2NwvBjQx50hKtOWlFYWXe4tWZciazce5gRaegWObuEsau', NULL, '2022-12-12 20:53:54', '2022-12-12 20:53:54'),
(4, 'general_manager', '0968877203', 'general_manager@gmail.com', '2022-12-12 20:53:54', '$2y$10$xl/HChvWkkECZB8Gn8fY5.5SIpImctgLz9sm6pRLQy3ul4snQ5CFe', NULL, '2022-12-12 20:53:54', '2022-12-12 20:53:54');

--
-- Indexes for dumped tables
--

--
-- Indexes for table `article`
--
ALTER TABLE `article`
  ADD PRIMARY KEY (`id`);

--
-- Indexes for table `banner`
--
ALTER TABLE `banner`
  ADD PRIMARY KEY (`id`);

--
-- Indexes for table `bot`
--
ALTER TABLE `bot`
  ADD PRIMARY KEY (`id`);

--
-- Indexes for table `category`
--
ALTER TABLE `category`
  ADD PRIMARY KEY (`id`);

--
-- Indexes for table `failed_jobs`
--
ALTER TABLE `failed_jobs`
  ADD PRIMARY KEY (`id`),
  ADD UNIQUE KEY `failed_jobs_uuid_unique` (`uuid`);

--
-- Indexes for table `highlight`
--
ALTER TABLE `highlight`
  ADD PRIMARY KEY (`id`);

--
-- Indexes for table `livestream`
--
ALTER TABLE `livestream`
  ADD PRIMARY KEY (`id`);

--
-- Indexes for table `migrations`
--
ALTER TABLE `migrations`
  ADD PRIMARY KEY (`id`);

--
-- Indexes for table `password_resets`
--
ALTER TABLE `password_resets`
  ADD KEY `password_resets_email_index` (`email`);

--
-- Indexes for table `popular`
--
ALTER TABLE `popular`
  ADD PRIMARY KEY (`id`);

--
-- Indexes for table `users`
--
ALTER TABLE `users`
  ADD PRIMARY KEY (`id`),
  ADD UNIQUE KEY `users_email_unique` (`email`);

--
-- AUTO_INCREMENT for dumped tables
--

--
-- AUTO_INCREMENT for table `article`
--
ALTER TABLE `article`
  MODIFY `id` bigint(20) UNSIGNED NOT NULL AUTO_INCREMENT, AUTO_INCREMENT=24;

--
-- AUTO_INCREMENT for table `banner`
--
ALTER TABLE `banner`
  MODIFY `id` bigint(20) UNSIGNED NOT NULL AUTO_INCREMENT, AUTO_INCREMENT=9;

--
-- AUTO_INCREMENT for table `bot`
--
ALTER TABLE `bot`
  MODIFY `id` bigint(20) UNSIGNED NOT NULL AUTO_INCREMENT, AUTO_INCREMENT=4;

--
-- AUTO_INCREMENT for table `category`
--
ALTER TABLE `category`
  MODIFY `id` bigint(20) UNSIGNED NOT NULL AUTO_INCREMENT, AUTO_INCREMENT=14;

--
-- AUTO_INCREMENT for table `failed_jobs`
--
ALTER TABLE `failed_jobs`
  MODIFY `id` bigint(20) UNSIGNED NOT NULL AUTO_INCREMENT;

--
-- AUTO_INCREMENT for table `highlight`
--
ALTER TABLE `highlight`
  MODIFY `id` bigint(20) UNSIGNED NOT NULL AUTO_INCREMENT, AUTO_INCREMENT=18;

--
-- AUTO_INCREMENT for table `livestream`
--
ALTER TABLE `livestream`
  MODIFY `id` bigint(20) UNSIGNED NOT NULL AUTO_INCREMENT, AUTO_INCREMENT=12;

--
-- AUTO_INCREMENT for table `migrations`
--
ALTER TABLE `migrations`
  MODIFY `id` int(10) UNSIGNED NOT NULL AUTO_INCREMENT, AUTO_INCREMENT=10;

--
-- AUTO_INCREMENT for table `popular`
--
ALTER TABLE `popular`
  MODIFY `id` bigint(20) UNSIGNED NOT NULL AUTO_INCREMENT, AUTO_INCREMENT=13;

--
-- AUTO_INCREMENT for table `users`
--
ALTER TABLE `users`
  MODIFY `id` bigint(20) UNSIGNED NOT NULL AUTO_INCREMENT, AUTO_INCREMENT=5;
COMMIT;

/*!40101 SET CHARACTER_SET_CLIENT=@OLD_CHARACTER_SET_CLIENT */;
/*!40101 SET CHARACTER_SET_RESULTS=@OLD_CHARACTER_SET_RESULTS */;
/*!40101 SET COLLATION_CONNECTION=@OLD_COLLATION_CONNECTION */;
